account_no,freq_type,paid,ward,cell,demand,arrears,con_type,type,pic,time,paid_date,date
359407,Freeze,2080,142,,1558,15038,water_sewer,domestic,E:\Mubeen\Softwere_Changes\static\data\shadbagh_12-02-2025\142\359407.png,05:59 PM,12-02-2025,12-02-2025
5039069,Aquifer 1F,10000,142,,10587,103564,water_sewer,commercial,E:\Mubeen\Softwere_Changes\static\data\shadbagh_12-02-2025\142\5039069.png,05:59 PM,12-02-2025,12-02-2025
27065334,Freeze,15170,142,,1558,14820,water_sewer,domestic,E:\Mubeen\Softwere_Changes\static\data\shadbagh_12-02-2025\142\27065334.png,06:02 PM,12-02-2025,12-02-2025
27355882,Freze & 0F,3000,143,,1219,19881,water_sewer,domestic,E:\Mubeen\Softwere_Changes\static\data\shadbagh_12-02-2025\143\27355882.png,06:17 PM,07-02-2025,12-02-2025
57738305,Freeze,14770,143,,1219,18096,water_sewer,domestic,E:\Mubeen\Softwere_Changes\static\data\shadbagh_12-02-2025\143\57738305.png,06:17 PM,12-02-2025,12-02-2025
387819,Freeze,7000,143,,1219,13140,water_sewer,domestic,E:\Mubeen\Softwere_Changes\static\data\shadbagh_12-02-2025\143\387819.png,06:18 PM,06-02-2025,12-02-2025
397999,Others,5000,144,,3805,3,water_sewer,domestic,E:\Mubeen\Softwere_Changes\static\data\shadbagh_12-02-2025\144\397999.png,06:19 PM,12-02-2025,12-02-2025
27225107,Others,3900,144,,1219,1340,water_sewer,domestic,E:\Mubeen\Softwere_Changes\static\data\shadbagh_12-02-2025\144\27225107.png,06:19 PM,12-02-2025,12-02-2025
397223,O F,5240,144,,1219,3903,water_sewer,domestic,E:\Mubeen\Softwere_Changes\static\data\shadbagh_12-02-2025\144\397223.png,06:20 PM,11-02-2025,12-02-2025
390866,Others,3910,144,,1219,4,water_sewer,domestic,E:\Mubeen\Softwere_Changes\static\data\shadbagh_12-02-2025\144\390866.png,06:21 PM,12-02-2025,12-02-2025
393438,Freeze,3000,144,,1219,14860,water_sewer,domestic,E:\Mubeen\Softwere_Changes\static\data\shadbagh_12-02-2025\144\393438.png,06:21 PM,12-02-2025,12-02-2025
5043921,Freeze,23110,144,,2888,21949,water_sewer,domestic,E:\Mubeen\Softwere_Changes\static\data\shadbagh_12-02-2025\144\5043921.png,06:22 PM,10-02-2025,12-02-2025
390811,Freeze,5000,144,,1558,21945,water_sewer,domestic,E:\Mubeen\Softwere_Changes\static\data\shadbagh_12-02-2025\144\390811.png,06:22 PM,12-02-2025,12-02-2025
429007,Others,3270,146,,1558,3,water_sewer,domestic,E:\Mubeen\Softwere_Changes\static\data\shadbagh_12-02-2025\146\429007.png,06:24 PM,05-02-2025,12-02-2025
447571,Freeze,5000,146,,1558,38661,water_sewer,domestic,E:\Mubeen\Softwere_Changes\static\data\shadbagh_12-02-2025\146\447571.png,06:24 PM,07-02-2025,12-02-2025
447092,Freeze,2500,146,,1558,43887,water_sewer,domestic,E:\Mubeen\Softwere_Changes\static\data\shadbagh_12-02-2025\146\447092.png,06:25 PM,07-02-2025,12-02-2025
440887,Others,6060,146,,2888,3,water_sewer,domestic,E:\Mubeen\Softwere_Changes\static\data\shadbagh_12-02-2025\146\440887.png,06:25 PM,31-01-2025,12-02-2025
443173,1 F,4473,146,,1558,4768,water_sewer,domestic,E:\Mubeen\Softwere_Changes\static\data\shadbagh_12-02-2025\146\443173.png,06:30 PM,03-02-2025,12-02-2025
437033,Freeze,3000,146,,1558,12246,water_sewer,domestic,E:\Mubeen\Softwere_Changes\static\data\shadbagh_12-02-2025\146\437033.png,06:44 PM,07-02-2025,12-02-2025
440864,Freeze,5000,146,,2888,69913,water_sewer,domestic,E:\Mubeen\Softwere_Changes\static\data\shadbagh_12-02-2025\146\440864.png,06:44 PM,11-02-2025,12-02-2025
5048502,Freeze,5000,147,,3805,21164,water_sewer,domestic,E:\Mubeen\Softwere_Changes\static\data\shadbagh_12-02-2025\147\5048502.png,06:47 PM,12-02-2025,12-02-2025
454739,Freeze,5000,147,,1219,14617,water_sewer,domestic,E:\Mubeen\Softwere_Changes\static\data\shadbagh_12-02-2025\147\454739.png,06:47 PM,12-02-2025,12-02-2025
450973,Freeze,6000,147,,1558,18469,water_sewer,domestic,E:\Mubeen\Softwere_Changes\static\data\shadbagh_12-02-2025\147\450973.png,06:47 PM,10-02-2025,12-02-2025
451754,O F,5240,147,,1219,3897,water_sewer,domestic,E:\Mubeen\Softwere_Changes\static\data\shadbagh_12-02-2025\147\451754.png,06:47 PM,12-02-2025,12-02-2025
57866657,Freeze,2700,147,,1219,16799,water_sewer,domestic,E:\Mubeen\Softwere_Changes\static\data\shadbagh_12-02-2025\147\57866657.png,06:48 PM,12-02-2025,12-02-2025
455307,Freeze,11770,147,,1219,10430,water_sewer,domestic,E:\Mubeen\Softwere_Changes\static\data\shadbagh_12-02-2025\147\455307.png,06:48 PM,08-02-2025,12-02-2025
455978,Others,3900,147,,1219,1,water_sewer,domestic,E:\Mubeen\Softwere_Changes\static\data\shadbagh_12-02-2025\147\455978.png,06:49 PM,11-02-2025,12-02-2025
1078587,Freeze,10000,177,,1558,21269,water_sewer,domestic,E:\Mubeen\Softwere_Changes\static\data\shadbagh_12-02-2025\177\1078587.png,06:49 PM,12-02-2025,12-02-2025
90596812,Freze & 1F,5000,177,,2500,77916,Aquifer,commercial,E:\Mubeen\Softwere_Changes\static\data\shadbagh_12-02-2025\177\90596812.png,06:52 PM,12-02-2025,12-02-2025
1208052,Aquifer 1F,7000,177,,2714,14071,water_sewer,commercial,E:\Mubeen\Softwere_Changes\static\data\shadbagh_12-02-2025\177\1208052.png,06:52 PM,12-02-2025,12-02-2025
5116098,Freeze,10000,357,,1558,68187,water_sewer,domestic,E:\Mubeen\Softwere_Changes\static\data\shadbagh_12-02-2025\357\5116098.png,06:52 PM,12-02-2025,12-02-2025
917036,Freeze,10000,357,,2888,65906,water_sewer,domestic,E:\Mubeen\Softwere_Changes\static\data\shadbagh_12-02-2025\357\917036.png,06:53 PM,10-02-2025,12-02-2025
922097,Freeze,5000,357,,1558,85300,water_sewer,domestic,E:\Mubeen\Softwere_Changes\static\data\shadbagh_12-02-2025\357\922097.png,06:56 PM,07-02-2025,12-02-2025
920825,Others,7520,357,,1219,12933,water_sewer,domestic,E:\Mubeen\Softwere_Changes\static\data\shadbagh_12-02-2025\357\920825.png,06:56 PM,03-02-2025,12-02-2025
924767,Freeze,5000,357,,1219,28875,water_sewer,domestic,E:\Mubeen\Softwere_Changes\static\data\shadbagh_12-02-2025\357\924767.png,06:57 PM,12-02-2025,12-02-2025
1051715,Others,4000,367,,1558,16393,water_sewer,domestic,E:\Mubeen\Softwere_Changes\static\data\shadbagh_12-02-2025\367\1051715.png,06:57 PM,06-02-2025,12-02-2025
51081371,Others,5000,367,,1558,6616,water_sewer,domestic,E:\Mubeen\Softwere_Changes\static\data\shadbagh_12-02-2025\367\51081371.png,06:57 PM,06-02-2025,12-02-2025
1061495,Freeze,3000,367,,1558,28696,water_sewer,domestic,E:\Mubeen\Softwere_Changes\static\data\shadbagh_12-02-2025\367\1061495.png,06:57 PM,07-02-2025,12-02-2025
57684783,Freeze,5000,367,,1558,75305,water_sewer,domestic,E:\Mubeen\Softwere_Changes\static\data\shadbagh_12-02-2025\367\57684783.png,06:57 PM,03-02-2025,12-02-2025
27182820,Freeze,15000,367,,3805,49797,water_sewer,domestic,E:\Mubeen\Softwere_Changes\static\data\shadbagh_12-02-2025\367\27182820.png,06:58 PM,03-02-2025,12-02-2025
27028410,Freeze,4000,368,,1219,11851,water_sewer,domestic,E:\Mubeen\Softwere_Changes\static\data\shadbagh_12-02-2025\368\27028410.png,06:58 PM,03-02-2025,12-02-2025
27236297,Freeze,3000,368,,1219,22062,water_sewer,domestic,E:\Mubeen\Softwere_Changes\static\data\shadbagh_12-02-2025\368\27236297.png,06:59 PM,03-02-2025,12-02-2025
27349663,Freeze,5000,368,,1219,16914,water_sewer,domestic,E:\Mubeen\Softwere_Changes\static\data\shadbagh_12-02-2025\368\27349663.png,07:00 PM,03-02-2025,12-02-2025
51112503,Aquifer 1F,10000,368,,7630,145056,water_sewer,commercial,E:\Mubeen\Softwere_Changes\static\data\shadbagh_12-02-2025\368\51112503.png,07:00 PM,03-02-2025,12-02-2025
27494590,Freeze,4000,368,,1219,11968,water_sewer,domestic,E:\Mubeen\Softwere_Changes\static\data\shadbagh_12-02-2025\368\27494590.png,07:01 PM,03-02-2025,12-02-2025
1070699,Others,2500,368,,1558,7687,water_sewer,domestic,E:\Mubeen\Softwere_Changes\static\data\shadbagh_12-02-2025\368\1070699.png,07:01 PM,06-02-2025,12-02-2025
27193523,O F,5000,368,,1219,9144,water_sewer,domestic,E:\Mubeen\Softwere_Changes\static\data\shadbagh_12-02-2025\368\27193523.png,07:01 PM,10-02-2025,12-02-2025
27145001,O F,6580,368,,1219,5243,water_sewer,domestic,E:\Mubeen\Softwere_Changes\static\data\shadbagh_12-02-2025\368\27145001.png,07:02 PM,07-02-2025,12-02-2025
1070473,Others,3900,368,,1219,2683,water_sewer,domestic,E:\Mubeen\Softwere_Changes\static\data\shadbagh_12-02-2025\368\1070473.png,07:02 PM,06-02-2025,12-02-2025
27113938,O F,5000,368,,1219,9268,water_sewer,domestic,E:\Mubeen\Softwere_Changes\static\data\shadbagh_12-02-2025\368\27113938.png,07:02 PM,06-02-2025,12-02-2025
57907864,O F,9960,397,,1558,9076,water_sewer,domestic,E:\Mubeen\Softwere_Changes\static\data\shadbagh_12-02-2025\397\57907864.png,07:03 PM,12-02-2025,12-02-2025
1080953,Freeze,13570,397,3014991026.0,1558,13061,water_sewer,domestic,E:\Mubeen\Softwere_Changes\static\data\shadbagh_12-02-2025\397\1080953.png,07:04 PM,12-02-2025,12-02-2025
27223374,Aquifer 1F,10000,397,,7630,235304,water_sewer,commercial,E:\Mubeen\Softwere_Changes\static\data\shadbagh_12-02-2025\397\27223374.png,07:05 PM,12-02-2025,12-02-2025
27160279,Others,2880,397,,2888,21866,water_sewer,domestic,E:\Mubeen\Softwere_Changes\static\data\shadbagh_12-02-2025\397\27160279.png,07:05 PM,12-02-2025,12-02-2025
5112366,Freeze,15000,356,,31443,100615,water_sewer,domestic,E:\Mubeen\Softwere_Changes\static\data\shadbagh_12-02-2025\356\5112366.png,07:12 PM,03-02-2025,12-02-2025
57892681,Others,17190,356,,17189,56777,water_sewer,commercial,E:\Mubeen\Softwere_Changes\static\data\shadbagh_12-02-2025\356\57892681.png,07:12 PM,12-02-2025,12-02-2025
907372,Others,3280,356,,1558,1713,water_sewer,domestic,E:\Mubeen\Softwere_Changes\static\data\shadbagh_12-02-2025\356\907372.png,07:13 PM,24-01-2025,12-02-2025
57894456,Aquifer 1F,15000,356,,7630,28501,water_sewer,commercial,E:\Mubeen\Softwere_Changes\static\data\shadbagh_12-02-2025\356\57894456.png,07:14 PM,06-02-2025,12-02-2025
51043434,Others,9840,356,,4683,5148,water_sewer,commercial,E:\Mubeen\Softwere_Changes\static\data\shadbagh_12-02-2025\356\51043434.png,07:14 PM,11-02-2025,12-02-2025
898854,Others,7990,356,,3805,4,water_sewer,domestic,E:\Mubeen\Softwere_Changes\static\data\shadbagh_12-02-2025\356\898854.png,07:15 PM,04-02-2025,12-02-2025
27487495,Freeze,6000,357,,1219,28137,water_sewer,domestic,E:\Mubeen\Softwere_Changes\static\data\shadbagh_12-02-2025\357\27487495.png,07:16 PM,10-02-2025,12-02-2025
1027887,Freeze,3000,365,,1558,17701,water_sewer,domestic,E:\Mubeen\Softwere_Changes\static\data\shadbagh_12-02-2025\365\1027887.png,07:16 PM,12-02-2025,12-02-2025
1037731,Freeze,5000,365,,2888,51543,water_sewer,domestic,E:\Mubeen\Softwere_Changes\static\data\shadbagh_12-02-2025\365\1037731.png,07:17 PM,06-02-2025,12-02-2025
5127441,Freeze,5000,365,,3805,59037,water_sewer,domestic,E:\Mubeen\Softwere_Changes\static\data\shadbagh_12-02-2025\365\5127441.png,07:17 PM,06-02-2025,12-02-2025
1089635,O F,5240,365,,1219,3903,water_sewer,domestic,E:\Mubeen\Softwere_Changes\static\data\shadbagh_12-02-2025\365\1089635.png,07:18 PM,11-02-2025,12-02-2025
1038262,Freeze,5000,365,,1558,44386,water_sewer,domestic,E:\Mubeen\Softwere_Changes\static\data\shadbagh_12-02-2025\365\1038262.png,07:18 PM,11-02-2025,12-02-2025
1079876,Freeze,10130,177,,1558,10128,water_sewer,domestic,E:\Mubeen\Softwere_Changes\static\data\shadbagh_12-02-2025\177\1079876.png,07:36 PM,29-01-2025,12-02-2025
